{"esgclarity": 0.4045157142857135, "fashionmagazine": 0.1930723214285714, "chatbotslife": 0.15712420382165607, "iotworldtoday": 0.15310810810810813, "medtecheurope": 0.15249130434782612, "emerj": 0.14354499999999998, "thefintechtimes": 0.1353242339832867, "med-technews": 0.13374733333333327, "instyle": 0.13173235294117647, "cbinsights": 0.11639676470588231, "morningstar": 0.11482343750000011, "dzone": 0.11442962962962966, "news.crunchbase": 0.11160205011389525, "cio": 0.10386744186046512, "marketscreener": 0.10155689334072339, "designboom": 0.10103189189189192, "aitrends": 0.09642580645161293, "financialexpress": 0.08940894632206753, "smart2zero": 0.08591505376344089, "inc": 0.084700175592625, "fool": 0.07997907419150298, "mashable": 0.07544235569422764, "engadget": 0.07426387096774191, "materialstoday": 0.07345727272727276, "newatlas": 0.06456374999999999, "finsmes": 0.06312808988764043, "venturebeat": 0.06107323232323228, "greenbiz": 0.0544116991643454, "businessinsider": 0.05126666666666666, "autonews": 0.04551093969144457, "wired": 0.039676842105263156, "mckinsey": 0.03954859967051069, "techcrunch": 0.036072307692307695, "fiercepharma": 0.034377614138438886, "computerweekly": 0.028715950920245426, "elle": 0.025865517241379317, "finance.yahoo": 0.025771269829271057, "businessoffashion": 0.02305099457504521, "ciodive": 0.022474911660777388, "just-auto": 0.020539999999999996, "marketbeat": 0.01556315789473683, "marketwatch": 0.0132573513977675, "independent": 0.012627477477477477, "fiercebiotech": 0.009640634920634918, "sciencedaily": 0.0014001242236024944, "theverge": 7.170577617330811e-05, "globalconstructionreview": -0.004036666666666665, "eenewsautomotive": -0.004384615384615382, "nature": -0.006363163972286374, "hbr": -0.014094052863436088, "bloomberg": -0.014308620689655181, "cnbc": -0.024688334605112154, "theconversation": -0.031463490284005906, "eco-business": -0.03510622009569377, "nytimes": -0.03920644950667434, "cnn": -0.040742220392802383, "qz": -0.04413640552995393, "theatlantic": -0.045190999010880355, "scientificamerican": -0.0475919947506561, "reuters": -0.05010812623108935, "bbc": -0.06913897763578278, "scmp": -0.07365795677799611, "theguardian": -0.08311876747744534, "newyorker": -0.09548112798264641, "express": -0.0978031218014341, "altassets": -0.16859545454545458}